行程天数	方案一（图1：赏秋专线）	方案二（图2：经典小环线）	方案三（PDF：银蕨秘境，推荐）	方案四（西海岸黄金大道）
D1	基督城往返凯库拉(约360km / 5h)	基督城集合(市区游，约0km)	基督城接机自由活动(约0km)	基督城 - 格雷茅斯 - 普纳凯基(约300km / 3.5h)
D2	基督城 - 蒂卡波(约230km / 3h)	基督城 - 阿卡罗阿 - 蒂卡波(约360km / 5h)	基督城 - 蒂卡波 - 特威泽尔(约290km / 3.5h)	普纳凯基 - 约瑟夫冰川小镇(约170km / 2.5h)
D3	蒂卡波 - 库克山 - 瓦纳卡(约310km / 4h)	蒂卡波往返库克山(约210km / 2.5h)	特威泽尔往返库克山(约130km / 1.5h)	约瑟夫冰川小镇 - 瓦纳卡(约260km / 3.5h)
D4	瓦纳卡 - 克伦威尔 - 皇后镇(约110km / 1.5h)	蒂卡波 - 瓦纳卡 - 皇后镇(约260km / 3.5h)	特威泽尔 - 瓦纳卡 - 皇后镇(约200km / 2.5h)	瓦纳卡 - 箭镇 - 皇后镇(约75km / 1h)
D5	皇后镇 - 格林诺奇 - 皇后镇(约130km / 2h)	皇后镇自由活动(0km)	皇后镇自由行(0km)	皇后镇自由行(0km)
D6	皇后镇自由行(0km)	皇后镇 - 但尼丁(约280km / 3.5h)	皇后镇自由行(0km)	皇后镇 - 但尼丁 - 奥马鲁(约395km / 5h)
D7	皇后镇 - 但尼丁 - 奥马鲁(约395km / 5.5h)	但尼丁 - 奥马鲁 - 基督城(约365km / 5h)	皇后镇 - 摩拉基 - 奥马鲁(约320km / 4h)	奥马鲁 - 库克山 - 蒂卡波(约250km / 3.5h)
D8	奥马鲁 - 基督城(约250km / 3h)	基督城往返凯库拉(约360km / 5h)	奥马鲁 - 基督城(约250km / 3h)	蒂卡波 - 基督城(约225km / 2.5h)
🚩 总计	约 1785 km(车上度过超 24 小时)	约 2195 km(车上度过超 29 小时)	约 1190 km(车上仅约 14.5 小时)	约 1675 km(车上约 21.5 小时)
